FACIES,width
cover,0.2
grainstone,0.8
intraclast breccia,1
marl,0.4
marl-ribbonite,0.4
recrystallized,0.8
recrystallized-siltstone,0.5
ribbonite,0.5
ribbonite-grainstone,0.5
ribbonite-siltstone,0.5
siltstone-fine sandstone,0.4
stromatolite,0.8